{
    "type": "crafting_shapeless",
    "result": {
        "item": "minecraft:red_sand",
        "count": 8
    },
    "ingredients": [
        {
            "item": "minecraft:sand"
        },
		{
            "item": "minecraft:sand"
        },
		{
            "item": "minecraft:sand"
        },
		{
            "item": "minecraft:sand"
        },
		{
            "item": "minecraft:sand"
        },
		{
            "item": "minecraft:sand"
        },
		{
            "item": "minecraft:sand"
        },
		{
            "item": "minecraft:sand"
        },
		{
            "item": "minecraft:rose_red"
        }
    ],
	"group": "sandstone_dyeing"
}
