{
	"parent": "minecraft:recipes/root",
	"criteria": {
		"has_red_sandstone_slab": {
			"trigger": "minecraft:inventory_changed",
			"conditions": {
				"items": [
					{
						"item": "minecraft:red_sandstone_slab"
					}
				]
			}
		},
		"has_smooth_red_sandstone": {
			"trigger": "minecraft:inventory_changed",
			"conditions": {
				"items": [
					{
						"item": "minecraft:smooth_red_sandstone"
					}
				]
			}
		},
		"has_the_recipe": {
			"trigger": "minecraft:recipe_unlocked",
			"conditions": {
				"recipe": "minecraft:slabs/smooth_red_sandstone"
			}
		}
	},
	"requirements": [
		[
			"has_red_sandstone_slab",
			"has_smooth_red_sandstone",
			"has_the_recipe"
		]
	],
	"rewards": {
		"recipes": [
			"minecraft:slabs/smooth_red_sandstone",
			"minecraft:slabs/red_sandstone_slab"
		]
	}
}