{
	"parent": "minecraft:recipes/root",
	"criteria": {
		"has_sandstone_slab": {
			"trigger": "minecraft:inventory_changed",
			"conditions": {
				"items": [
					{
						"item": "minecraft:sandstone_slab"
					}
				]
			}
		},
		"has_smooth_sandstone": {
			"trigger": "minecraft:inventory_changed",
			"conditions": {
				"items": [
					{
						"item": "minecraft:smooth_sandstone"
					}
				]
			}
		},
		"has_the_recipe": {
			"trigger": "minecraft:recipe_unlocked",
			"conditions": {
				"recipe": "minecraft:slabs/smooth_sandstone"
			}
		}
	},
	"requirements": [
		[
			"has_sandstone_slab",
			"has_smooth_sandstone",
			"has_the_recipe"
		]
	],
	"rewards": {
		"recipes": [
			"minecraft:slabs/smooth_sandstone",
			"minecraft:slabs/sandstone_slab"
		]
	}
}