{
    "pools": [
        {
            "rolls": 1,
            "entries": [
                {
                    "type": "item",
                    "name": "minecraft:leather",
                    "weight": 1,
                    "functions": [
                        {
                            "function": "set_count",
                            "count": {
                                "min": 0,
                                "max": 2
                            }
                        },
                        {
                            "function": "looting_enchant",
                            "count": {
                                "min": 0,
                                "max": 1
                            }
                        }
                    ]
                }
            ]
        },
        {
            "rolls": 1,
            "entries": [
                {
                    "type": "item",
                    "name": "minecraft:beef",
                    "weight": 1,
                    "functions": [
                        {
                            "function": "set_count",
                            "count": {
                                "min": 1,
                                "max": 3
                            }
                        },
                        {
                            "function": "furnace_smelt",
                            "conditions": [
                                {
                                    "condition": "entity_properties",
                                    "entity": "this",
                                    "properties": {
                                        "on_fire": true
                                    }
                                }
                            ]
                        },
                        {
                            "function": "looting_enchant",
                            "count": {
                                "min": 0,
                                "max": 1
                            }
                        }
                    ]
                }
            ]
        },
		{
		"conditions": [
                {
                    "condition": "killed_by_player"
                },
                {
                    "condition": "random_chance_with_looting",
                    "chance": 0.005,
                    "looting_multiplier": 0.001
                }
            ],
            "rolls": 1,
            "entries": [
                {
                    "type": "item",
                    "name": "minecraft:player_head",
                    "weight": 1,
                    "functions": [
						{
                            "function": "set_nbt",
                            "tag": "{display:{Name:\"{\\\"text\\\":\\\"§r§eCow Head\\\"}\"},SkullOwner:{Id:\"97ddf3b3-9dbe-4a3b-8a0f-1b19ddeac0bd\",Properties:{textures:[{Value:\"eyJ0ZXh0dXJlcyI6eyJTS0lOIjp7InVybCI6Imh0dHA6Ly90ZXh0dXJlcy5taW5lY3JhZnQubmV0L3RleHR1cmUvNWQ2YzZlZGE5NDJmN2Y1ZjcxYzMxNjFjNzMwNmY0YWVkMzA3ZDgyODk1ZjlkMmIwN2FiNDUyNTcxOGVkYzUifX19\"}]}}}"
                        }
                    ]
                }
            ]
        }
    ]
}