{
    "pools": [
        {
            "rolls": 1,
            "entries": [
                {
                    "type": "item",
                    "name": "minecraft:pufferfish",
                    "weight": 1,
                    "functions": [
                        {
                            "function": "set_count",
                            "count": {
                                "min": 1,
                                "max": 1
                            }
                        }
                    ]
                }
            ]
        },
        {       
            "conditions": [
                {
                    "condition": "killed_by_player"
                },
                {
                    "condition": "random_chance_with_looting",
                    "chance": 0.15,
                    "looting_multiplier": 0.01
                }
            ],
            "rolls": 1,
            "entries": [
                {
                    "type": "item",
                    "name": "minecraft:player_head",
                    "weight": 1,
                    "functions": [
                        {
                            "function": "set_nbt",
                            "tag": "{display:{Name:\"{\\\"text\\\":\\\"§r§ePufferfish Head\\\"}\"},SkullOwner:{Id:\"b4630012-0e65-4a3d-bfd6-5024b782ab69\",Properties:{textures:[{Value:\"eyJ0ZXh0dXJlcyI6eyJTS0lOIjp7InVybCI6Imh0dHA6Ly90ZXh0dXJlcy5taW5lY3JhZnQubmV0L3RleHR1cmUvYTk1NTkzODg5OTNmZTc4MmY2N2JkNThkOThjNGRmNTZiY2Q0MzBlZGNiMmY2NmVmNTc3N2E3M2MyN2RlMyJ9fX0=\"}]}}}"
                        }
                    ]
                }
            ]
        }
    ]
}