{
    "pools": [
        {
            "rolls": 1,
            "entries": [
                {
                    "type": "item",
                    "name": "minecraft:stick",
                    "weight": 1,
                    "functions": [
                        {
                            "function": "set_name",
                            "name": {
								"text": "vd_villagerDeath",
								"color": "yellow"
							}
                        }
                    ]
                }
            ]
        }
    ]
}
