{
    "pools": [
        {
            "rolls": {
                "min": 1,
                "max": 4
            },
            "entries": [
                {
                    "type": "item",
                    "name": "minecraft:iron_ingot",
                    "functions": [
                        {
                            "function": "set_count",
                            "count": {
                                "min": 1,
                                "max": 5
                            }
                        }
                    ],
                    "weight": 10
                },
                {
                    "type": "item",
                    "name": "minecraft:gold_ingot",
                    "functions": [
                        {
                            "function": "set_count",
                            "count": {
                                "min": 1,
                                "max": 3
                            }
                        }
                    ],
                    "weight": 5
                },
                {
                    "type": "item",
                    "name": "minecraft:redstone",
                    "functions": [
                        {
                            "function": "set_count",
                            "count": {
                                "min": 4,
                                "max": 9
                            }
                        }
                    ],
                    "weight": 5
                },
                {
                    "type": "item",
                    "name": "minecraft:coal",
                    "functions": [
                        {
                            "function": "set_count",
                            "count": {
                                "min": 3,
                                "max": 8
                            }
                        }
                    ],
                    "weight": 10
                },
                {
                    "type": "item",
                    "name": "minecraft:bread",
                    "functions": [
                        {
                            "function": "set_count",
                            "count": {
                                "min": 1,
                                "max": 3
                            }
                        }
                    ],
                    "weight": 15
                },
                {
                    "type": "item",
                    "name": "minecraft:apple",
                    "functions": [
                        {
                            "function": "set_count",
                            "count": {
                                "min": 1,
                                "max": 3
                            }
                        }
                    ],
                    "weight": 15
                },
                {
                    "type": "item",
                    "name": "minecraft:iron_pickaxe",
                    "weight": 1
                },
                {
                    "type": "item",
                    "name": "minecraft:book",
                    "weight": 1,
                    "functions": [
                        {
                            "function": "enchant_with_levels",
                            "levels": 30,
                            "treasure": true
                        }
                    ]
                }
            ]
        },
        {
            "rolls": {
                "min": 1,
                "max": 2
            },
            "entries": [
                {
                    "type": "item",
                    "name": "minecraft:player_head",
                    "weight": 1,
                    "functions": [
                        {
                            "function": "set_nbt",
                            "tag": "{display:{Name:\"{\\\"text\\\":\\\"§r§eSapphire Gem\\\"}\"},SkullOwner:{Id:\"b93289fd-e4f1-43f9-8087-6786c426c0ba\",Properties:{textures:[{Value:\"eyJ0ZXh0dXJlcyI6eyJTS0lOIjp7InVybCI6Imh0dHA6Ly90ZXh0dXJlcy5taW5lY3JhZnQubmV0L3RleHR1cmUvZThjNTExYjk2MWIyZGNhMDEyZjNhNWY1YjQ2NjA3OGEwZWMyMzgwYTc2ZDUxOWVhMzY0YTdkNmRjMjhlMWJiIn19fQ==\"}]}}}"
                        },
                        {
                            "function": "set_count",
                            "count": {
                                "min": 1,
                                "max": 2
                            }
                        }
                    ]
                },
                {
                    "type": "item",
                    "name": "minecraft:player_head",
                    "weight": 1,
                    "functions": [
                        {
                            "function": "set_nbt",
                            "tag": "{display:{Name:\"{\\\"text\\\":\\\"§r§eRuby Gem\\\"}\"},SkullOwner:{Id:\"68bb46f2-ad7c-4ad7-969b-098b0c72de47\",Properties:{textures:[{Value:\"eyJ0ZXh0dXJlcyI6eyJTS0lOIjp7InVybCI6Imh0dHA6Ly90ZXh0dXJlcy5taW5lY3JhZnQubmV0L3RleHR1cmUvYjRiOTBkNmJhNzY0OGU2MjQ3ZmVlNWVjZGQ2MjRlYjRiNWZiM2E3MGNhNGJjZmM1NzNlZDc2NmM5MTBlN2YxNyJ9fX0=\"}]}}}"
                        },
                        {
                            "function": "set_count",
                            "count": {
                                "min": 1,
                                "max": 2
                            }
                        }
                    ]
                },
                {
                    "type": "item",
                    "name": "minecraft:player_head",
                    "weight": 1,
                    "functions": [
                        {
                            "function": "set_nbt",
                            "tag": "{display:{Name:\"{\\\"text\\\":\\\"§r§eAmethyst Gem\\\"}\"},SkullOwner:{Id:\"a288ea31-4bb2-46ba-90d9-25518b4364db\",Properties:{textures:[{Value:\"eyJ0ZXh0dXJlcyI6eyJTS0lOIjp7InVybCI6Imh0dHA6Ly90ZXh0dXJlcy5taW5lY3JhZnQubmV0L3RleHR1cmUvYTc5ZjhjOTI3NzZkNjQyZDExOWY5ZTkyMzYwYjFlNWI5NzFlNjZlNjE0MjhhM2UxYjMxMWQ4YjYxODVlNiJ9fX0=\"}]}}}"
                        },
                        {
                            "function": "set_count",
                            "count": {
                                "min": 1,
                                "max": 2
                            }
                        }
                    ]
                },
                {
                    "type": "item",
                    "name": "minecraft:player_head",
                    "weight": 1,
                    "functions": [
                        {
                            "function": "set_nbt",
                            "tag": "{display:{Name:\"{\\\"text\\\":\\\"§r§eTopaz Gem\\\"}\"},SkullOwner:{Id:\"37195137-2b51-4261-9b27-ccc216f7f7d1\",Properties:{textures:[{Value:\"eyJ0ZXh0dXJlcyI6eyJTS0lOIjp7InVybCI6Imh0dHA6Ly90ZXh0dXJlcy5taW5lY3JhZnQubmV0L3RleHR1cmUvZThkMmNlODA3MjZlMmNmOTkwNGI2YzQyOGEzODJhMjRlNmY0NjNhZjgzNTg1OGYxZjM1NDE0NjJiZjEwNTIwOCJ9fX0=\"}]}}}"
                        },
                        {
                            "function": "set_count",
                            "count": {
                                "min": 1,
                                "max": 2
                            }
                        }
                    ]
                },
                {
                    "type": "item",
                    "name": "minecraft:player_head",
                    "weight": 1,
                    "functions": [
                        {
                            "function": "set_nbt",
                            "tag": "{display:{Name:\"{\\\"text\\\":\\\"§r§eAquamarine Gem\\\"}\"},SkullOwner:{Id:\"9a860221-a5c6-49a5-a2c8-0bc1fa017c47\",Properties:{textures:[{Value:\"eyJ0ZXh0dXJlcyI6eyJTS0lOIjp7InVybCI6Imh0dHA6Ly90ZXh0dXJlcy5taW5lY3JhZnQubmV0L3RleHR1cmUvYzMxOGJiOGI2MjEwMzkxMzZlNDU5YWQ0NjdiOWI5ZjA0NjkzNjdkMjE2ZjU1M2RkNDRkYTNkMjNmYTU4ZjQyZiJ9fX0=\"}]}}}"
                        },
                        {
                            "function": "set_count",
                            "count": {
                                "min": 1,
                                "max": 2
                            }
                        }
                    ]
                },
                {
                    "type": "empty",
                    "weight": 2
                }
            ]
        }
    ]
}