{
    "parent": "minecraft:recipes/root",
    "criteria": {
        "has_block": {
            "trigger": "minecraft:inventory_changed",
            "conditions": {
                "items": [
                    {
                        "item": "minecraft:sandstone"
                    }
                ]
            }
        },
        "has_dye": {
            "trigger": "minecraft:inventory_changed",
            "conditions": {
                "items": [
                    {
                        "item": "minecraft:rose_red"
                    }
                ]
            }
        }
    },
    "requirements": [
        [
            "has_block",
			"has_dye"
        ]
    ],
    "rewards": {
        "recipes": [
            "sandstone_dyeing:red_sandstone"
        ]
    }
}
